qtr,gdp,pcepilfe,fedfunds
1947 Q1,2182.681,NA,NA
1947 Q2,2176.8919999999998,NA,NA
1947 Q3,2172.4319999999998,NA,NA
1947 Q4,2206.4520000000002,NA,NA
1948 Q1,2239.6819999999998,NA,NA
1948 Q2,2276.6900000000001,NA,NA
1948 Q3,2289.77,NA,NA
1948 Q4,2292.364,NA,NA
1949 Q1,2260.8069999999998,NA,NA
1949 Q2,2253.1280000000002,NA,NA
1949 Q3,2276.424,NA,NA
1949 Q4,2257.3519999999999,NA,NA
1950 Q1,2346.1039999999998,NA,NA
1950 Q2,2417.6819999999998,NA,NA
1950 Q3,2511.127,NA,NA
1950 Q4,2559.2139999999999,NA,NA
1951 Q1,2593.9670000000001,NA,NA
1951 Q2,2638.8980000000001,NA,NA
1951 Q3,2693.259,NA,NA
1951 Q4,2699.1559999999999,NA,NA
1952 Q1,2727.9540000000002,NA,NA
1952 Q2,2733.8000000000002,NA,NA
1952 Q3,2753.5169999999998,NA,NA
1952 Q4,2843.9409999999998,NA,NA
1953 Q1,2896.8110000000001,NA,NA
1953 Q2,2919.2060000000001,NA,NA
1953 Q3,2902.7849999999999,NA,NA
1953 Q4,2858.8449999999998,NA,NA
1954 Q1,2845.192,NA,NA
1954 Q2,2848.3049999999998,NA,NA
1954 Q3,2880.482,NA,1.03
1954 Q4,2936.8519999999999,NA,0.98666666666666669
1955 Q1,3020.7460000000001,NA,1.3433333333333333
1955 Q2,3069.9099999999999,NA,1.5
1955 Q3,3111.3789999999999,NA,1.9399999999999999
1955 Q4,3130.0680000000002,NA,2.3566666666666669
1956 Q1,3117.922,NA,2.4833333333333334
1956 Q2,3143.694,NA,2.6933333333333334
1956 Q3,3140.8739999999998,NA,2.8100000000000001
1956 Q4,3192.5700000000002,NA,2.9266666666666667
1957 Q1,3213.011,NA,2.9333333333333331
1957 Q2,3205.9699999999998,NA,3
1957 Q3,3237.386,NA,3.2333333333333334
1957 Q4,3203.8939999999998,NA,3.2533333333333334
1958 Q1,3120.7240000000002,NA,1.8633333333333333
1958 Q2,3141.2240000000002,NA,0.94000000000000006
1958 Q3,3213.884,NA,1.3233333333333333
1958 Q4,3289.0320000000002,NA,2.1633333333333331
1959 Q1,3352.1289999999999,15.515000000000001,2.5699999999999998
1959 Q2,3427.6669999999999,15.598000000000001,3.0833333333333335
1959 Q3,3430.0569999999998,15.702333333333334,3.5766666666666667
1959 Q4,3439.8319999999999,15.792333333333334,3.9900000000000002
1960 Q1,3517.181,15.842333333333332,3.9333333333333336
1960 Q2,3498.2460000000001,15.902333333333333,3.6966666666666668
1960 Q3,3515.3850000000002,15.964666666666666,2.9366666666666665
1960 Q4,3470.2779999999998,16.016999999999999,2.2966666666666669
1961 Q1,3493.703,16.044333333333334,2.0033333333333334
1961 Q2,3553.0210000000002,16.097000000000001,1.7333333333333334
1961 Q3,3621.252,16.166999999999998,1.6833333333333333
1961 Q4,3692.2890000000002,16.205666666666669,2.3999999999999999
1962 Q1,3758.1469999999999,16.265666666666668,2.4566666666666666
1962 Q2,3792.1489999999999,16.328333333333333,2.6066666666666665
1962 Q3,3838.7759999999998,16.382000000000001,2.8466666666666667
1962 Q4,3851.4209999999998,16.412666666666667,2.9233333333333333
1963 Q1,3893.482,16.466999999999999,2.9666666666666668
1963 Q2,3937.183,16.529333333333334,2.9633333333333334
1963 Q3,4023.7550000000001,16.593,3.3300000000000001
1963 Q4,4050.1469999999999,16.673000000000002,3.4533333333333331
1964 Q1,4135.5529999999999,16.743666666666666,3.4633333333333334
1964 Q2,4180.5919999999996,16.793333333333333,3.4900000000000002
1964 Q3,4245.9179999999997,16.84,3.4566666666666666
1964 Q4,4259.0460000000003,16.882999999999999,3.5766666666666667
1965 Q1,4362.1109999999999,16.946666666666665,3.9766666666666666
1965 Q2,4417.2250000000004,16.999333333333333,4.0800000000000001
1965 Q3,4515.4269999999997,17.052,4.0766666666666662
1965 Q4,4619.4579999999996,17.108666666666668,4.166666666666667
1966 Q1,4731.8879999999999,17.194333333333333,4.5599999999999996
1966 Q2,4748.0460000000003,17.334333333333333,4.9133333333333331
1966 Q3,4788.2539999999999,17.477333333333334,5.4100000000000001
1966 Q4,4827.5370000000003,17.628333333333334,5.5633333333333335
1967 Q1,4870.299,17.725333333333335,4.8233333333333333
1967 Q2,4873.2870000000003,17.844000000000001,3.9899999999999998
1967 Q3,4919.3919999999998,18.006,3.8933333333333335
1967 Q4,4956.4769999999999,18.187666666666665,4.1733333333333329
1968 Q1,5057.5529999999999,18.395,4.79
1968 Q2,5142.0330000000004,18.609000000000002,5.9833333333333334
1968 Q3,5181.8590000000004,18.817,5.9466666666666672
1968 Q4,5202.2120000000004,19.036000000000001,5.916666666666667
1969 Q1,5283.5969999999998,19.244,6.5666666666666664
1969 Q2,5299.625,19.474333333333334,8.3266666666666662
1969 Q3,5334.6000000000004,19.698999999999998,8.9833333333333325
1969 Q4,5308.5559999999996,19.930333333333333,8.9399999999999995
1970 Q1,5300.652,20.147333333333332,8.5733333333333341
1970 Q2,5308.1639999999998,20.375333333333334,7.8866666666666667
1970 Q3,5357.0770000000002,20.602,6.706666666666667
1970 Q4,5299.6719999999996,20.891333333333332,5.5666666666666664
1971 Q1,5443.6189999999997,21.155999999999999,3.8566666666666665
1971 Q2,5473.0590000000002,21.397333333333332,4.5666666666666664
1971 Q3,5518.0720000000001,21.599,5.4766666666666666
1971 Q4,5531.0320000000002,21.722333333333335,4.75
1972 Q1,5632.6490000000003,21.930666666666667,3.5466666666666664
1972 Q2,5760.4700000000003,22.079000000000001,4.2999999999999998
1972 Q3,5814.8540000000003,22.245000000000001,4.7433333333333332
1972 Q4,5912.2200000000003,22.384666666666668,5.1466666666666665
1973 Q1,6058.5439999999999,22.540666666666667,6.5366666666666671
1973 Q2,6124.5060000000003,22.847666666666669,7.8166666666666664
1973 Q3,6092.3010000000004,23.151333333333334,10.56
1973 Q4,6150.1310000000003,23.473666666666666,9.9966666666666661
1974 Q1,6097.2579999999998,23.876666666666665,9.3233333333333341
1974 Q2,6111.7510000000002,24.469999999999999,11.25
1974 Q3,6053.9780000000001,25.169333333333334,12.09
1974 Q4,6030.4639999999999,25.784333333333333,9.3466666666666658
1975 Q1,5957.0349999999999,26.288,6.3033333333333337
1975 Q2,5999.6099999999997,26.688666666666666,5.4199999999999999
1975 Q3,6102.326,27.089000000000002,6.1600000000000001
1975 Q4,6184.5299999999997,27.530333333333335,5.4133333333333331
1976 Q1,6323.6490000000003,27.948666666666668,4.8266666666666662
1976 Q2,6370.0249999999996,28.283999999999999,5.1966666666666672
1976 Q3,6404.8950000000004,28.727,5.2833333333333332
1976 Q4,6451.1769999999997,29.176666666666666,4.8733333333333331
1977 Q1,6527.7030000000004,29.667666666666666,4.6600000000000001
1977 Q2,6654.4660000000003,30.120999999999999,5.1566666666666663
1977 Q3,6774.4570000000003,30.622,5.8200000000000003
1977 Q4,6774.5919999999996,31.067,6.5133333333333328
1978 Q1,6796.2600000000002,31.551666666666666,6.7566666666666668
1978 Q2,7058.9200000000001,32.095999999999997,7.2833333333333332
1978 Q3,7129.915,32.646666666666668,8.0999999999999996
1978 Q4,7225.75,33.232666666666667,9.5833333333333339
1979 Q1,7238.7269999999999,33.686666666666667,10.073333333333334
1979 Q2,7246.4539999999997,34.427333333333337,10.18
1979 Q3,7300.2809999999999,35.062666666666665,10.946666666666667
1979 Q4,7318.5349999999999,35.793999999999997,13.576666666666666
1980 Q1,7341.5569999999998,36.669666666666664,15.046666666666667
1980 Q2,7190.2889999999998,37.490000000000002,12.686666666666667
1980 Q3,7181.7430000000004,38.324666666666666,9.836666666666666
1980 Q4,7315.6769999999997,39.258333333333333,15.853333333333333
1981 Q1,7459.0219999999999,40.129333333333335,16.57
1981 Q2,7403.7449999999999,40.887666666666668,17.780000000000001
1981 Q3,7492.4049999999997,41.640666666666668,17.576666666666668
1981 Q4,7410.768,42.38133333333333,13.586666666666666
1982 Q1,7295.6310000000003,43.001666666666665,14.226666666666667
1982 Q2,7328.9120000000003,43.583333333333336,14.513333333333334
1982 Q3,7300.8959999999997,44.282000000000004,11.006666666666666
1982 Q4,7303.817,44.898666666666664,9.2866666666666671
1983 Q1,7400.0659999999998,45.48833333333333,8.6533333333333324
1983 Q2,7568.4560000000001,45.836333333333329,8.8033333333333346
1983 Q3,7719.7460000000001,46.533000000000001,9.4599999999999991
1983 Q4,7880.7939999999999,46.905333333333331,9.4299999999999997
1984 Q1,8034.8469999999998,47.378999999999998,9.6866666666666674
1984 Q2,8173.6700000000001,47.933666666666667,10.556666666666667
1984 Q3,8252.4650000000001,48.383666666666663,11.390000000000001
1984 Q4,8320.1990000000005,48.728000000000002,9.2666666666666675
1985 Q1,8400.8199999999997,49.39266666666667,8.4766666666666666
1985 Q2,8474.7870000000003,49.820999999999998,7.9233333333333329
1985 Q3,8604.2199999999993,50.332666666666668,7.9000000000000004
1985 Q4,8668.1880000000001,50.693666666666665,8.1033333333333335
1986 Q1,8749.1270000000004,51.241,7.8266666666666671
1986 Q2,8788.5239999999994,51.592333333333336,6.9199999999999999
1986 Q3,8872.6010000000006,51.946666666666665,6.2066666666666661
1986 Q4,8920.1929999999993,52.369666666666667,6.2666666666666666
1987 Q1,8986.3670000000002,52.701333333333338,6.2199999999999998
1987 Q2,9083.2559999999994,53.213000000000001,6.6500000000000004
1987 Q3,9162.0239999999994,53.689666666666668,6.8433333333333337
1987 Q4,9319.3320000000003,54.23533333333333,6.916666666666667
1988 Q1,9367.5020000000004,54.75866666666667,6.6633333333333331
1988 Q2,9490.5939999999991,55.422333333333334,7.1566666666666663
1988 Q3,9546.2060000000001,56.06066666666667,7.9833333333333334
1988 Q4,9673.4050000000007,56.686999999999998,8.4700000000000006
1989 Q1,9771.7250000000004,57.305666666666667,9.4433333333333334
1989 Q2,9846.2929999999997,57.826999999999998,9.7266666666666666
1989 Q3,9919.2279999999992,58.257333333333335,9.0833333333333339
1989 Q4,9938.7669999999998,58.790666666666667,8.6133333333333333
1990 Q1,10047.386,59.467666666666666,8.25
1990 Q2,10083.855,60.131999999999998,8.2433333333333323
1990 Q3,10090.569,60.739666666666665,8.1600000000000001
1990 Q4,9998.7039999999997,61.24966666666667,7.7433333333333332
1991 Q1,9951.9159999999993,61.793333333333337,6.4266666666666667
1991 Q2,10029.51,62.269666666666666,5.8633333333333333
1991 Q3,10080.195,62.830333333333336,5.6433333333333335
1991 Q4,10115.329,63.324666666666666,4.8166666666666664
1992 Q1,10236.434999999999,63.809333333333335,4.0233333333333334
1992 Q2,10347.429,64.259666666666661,3.77
1992 Q3,10449.673000000001,64.640333333333331,3.2566666666666668
1992 Q4,10558.647999999999,65.114000000000004,3.0366666666666666
1993 Q1,10576.275,65.563000000000002,3.04
1993 Q2,10637.847,66.060666666666677,3
1993 Q3,10688.606,66.429999999999993,3.0600000000000001
1993 Q4,10833.986999999999,66.771666666666675,2.9900000000000002
1994 Q1,10939.116,67.074666666666673,3.2133333333333334
1994 Q2,11087.361000000001,67.525999999999996,3.9399999999999999
1994 Q3,11152.175999999999,67.903000000000006,4.4866666666666664
1994 Q4,11279.932000000001,68.248000000000005,5.166666666666667
1995 Q1,11319.950999999999,68.605666666666664,5.8100000000000005
1995 Q2,11353.721,69.013000000000005,6.0199999999999996
1995 Q3,11450.309999999999,69.341999999999999,5.7966666666666669
1995 Q4,11528.066999999999,69.689666666666668,5.7199999999999998
1996 Q1,11614.418,69.963666666666668,5.3633333333333333
1996 Q2,11808.139999999999,70.296333333333337,5.2433333333333332
1996 Q3,11914.063,70.617000000000004,5.3066666666666666
1996 Q4,12037.775,71.018999999999991,5.2800000000000002
1997 Q1,12115.472,71.298000000000002,5.2766666666666664
1997 Q2,12317.221,71.670000000000002,5.5233333333333334
1997 Q3,12471.01,71.837333333333333,5.5333333333333332
1997 Q4,12577.495000000001,72.064666666666668,5.5066666666666668
1998 Q1,12703.742,72.277000000000001,5.5199999999999996
1998 Q2,12821.339,72.498333333333335,5.5
1998 Q3,12982.752,72.75566666666667,5.5333333333333332
1998 Q4,13191.67,72.987666666666669,4.8600000000000003
1999 Q1,13315.597,73.170666666666676,4.7333333333333334
1999 Q2,13426.748,73.424666666666667,4.746666666666667
1999 Q3,13604.771000000001,73.694999999999993,5.0933333333333337
1999 Q4,13827.98,74.041666666666671,5.3066666666666666
2000 Q1,13878.147000000001,74.429666666666662,5.6766666666666667
2000 Q2,14130.907999999999,74.689333333333337,6.2733333333333334
2000 Q3,14145.312,75.049666666666667,6.5199999999999996
2000 Q4,14229.764999999999,75.421333333333337,6.4733333333333336
2001 Q1,14183.120000000001,75.911666666666676,5.5933333333333337
2001 Q2,14271.694,76.198666666666668,4.3266666666666662
2001 Q3,14214.516,76.395333333333326,3.4966666666666666
2001 Q4,14253.574000000001,76.763999999999996,2.1333333333333333
2002 Q1,14372.785,76.99966666666667,1.7333333333333334
2002 Q2,14460.848,77.423333333333332,1.75
2002 Q3,14519.633,77.836333333333329,1.74
2002 Q4,14537.58,78.113,1.4433333333333334
2003 Q1,14614.141,78.353999999999999,1.25
2003 Q2,14743.566999999999,78.65100000000001,1.2466666666666666
2003 Q3,14988.781999999999,79.01100000000001,1.0166666666666666
2003 Q4,15162.76,79.364999999999995,0.9966666666666667
2004 Q1,15248.68,79.801666666666662,1.0033333333333334
2004 Q2,15366.85,80.257666666666665,1.01
2004 Q3,15512.619000000001,80.545000000000002,1.4333333333333333
2004 Q4,15670.879999999999,80.981666666666669,1.95
2005 Q1,15844.727000000001,81.557999999999993,2.4699999999999998
2005 Q2,15922.781999999999,81.962000000000003,2.9433333333333334
2005 Q3,16047.587,82.281333333333336,3.46
2005 Q4,16136.734,82.831333333333333,3.98
2006 Q1,16353.834999999999,83.310999999999993,4.456666666666667
2006 Q2,16396.151000000002,83.974666666666664,4.9066666666666672
2006 Q3,16420.738000000001,84.426999999999992,5.246666666666667
2006 Q4,16561.866000000002,84.790666666666667,5.246666666666667
2007 Q1,16611.689999999999,85.37533333333333,5.2566666666666668
2007 Q2,16713.313999999998,85.730666666666664,5.25
2007 Q3,16809.587,86.151666666666671,5.0733333333333333
2007 Q4,16915.190999999999,86.74733333333333,4.496666666666667
2008 Q1,16843.003000000001,87.206666666666663,3.1766666666666667
2008 Q2,16943.291000000001,87.573000000000008,2.0866666666666664
2008 Q3,16854.294999999998,88.019999999999996,1.9399999999999999
2008 Q4,16485.349999999999,87.950666666666663,0.50666666666666671
2009 Q1,16298.262000000001,87.949666666666673,0.18333333333333332
2009 Q2,16269.145,88.293999999999997,0.17999999999999999
2009 Q3,16326.281000000001,88.60733333333333,0.15666666666666668
2009 Q4,16502.754000000001,89.159333333333336,0.12
2010 Q1,16582.709999999999,89.464333333333329,0.13333333333333333
2010 Q2,16743.162,89.705333333333328,0.19333333333333333
2010 Q3,16872.266,89.843333333333334,0.18666666666666668
2010 Q4,16960.864000000001,90.12733333333334,0.18666666666666668
2011 Q1,16920.632000000001,90.522999999999996,0.15666666666666668
2011 Q2,17035.114000000001,91.052333333333337,0.093333333333333338
2011 Q3,17031.312999999998,91.467999999999989,0.083333333333333343
2011 Q4,17222.582999999999,91.793999999999997,0.073333333333333334
2012 Q1,17367.009999999998,92.373333333333335,0.10333333333333333
2012 Q2,17444.525000000001,92.755333333333326,0.15333333333333335
2012 Q3,17469.650000000001,93.023333333333326,0.14333333333333334
2012 Q4,17489.851999999999,93.434666666666658,0.16
2013 Q1,17662.400000000001,93.799666666666667,0.14333333333333334
2013 Q2,17709.670999999998,94.064333333333337,0.11666666666666667
2013 Q3,17860.450000000001,94.434333333333328,0.083333333333333329
2013 Q4,18016.147000000001,94.841333333333338,0.08666666666666667
2014 Q1,17953.973999999998,95.140999999999991,0.073333333333333334
2014 Q2,18185.911,95.556333333333328,0.093333333333333338
2014 Q3,18406.940999999999,95.915333333333336,0.089999999999999997
2014 Q4,18500.030999999999,96.175333333333327,0.09999999999999999
2015 Q1,18666.620999999999,96.335999999999999,0.11
2015 Q2,18782.242999999999,96.765333333333331,0.12333333333333334
2015 Q3,18857.418000000001,97.076666666666668,0.13666666666666669
2015 Q4,18892.205999999998,97.318666666666658,0.16
2016 Q1,19001.689999999999,97.726333333333329,0.35999999999999999
2016 Q2,19062.708999999999,98.262333333333331,0.37333333333333335
2016 Q3,19197.937999999998,98.688666666666663,0.39666666666666667
2016 Q4,19304.351999999999,99.028666666666666,0.45000000000000001
2017 Q1,19398.343000000001,99.488333333333344,0.70000000000000007
2017 Q2,19506.949000000001,99.820999999999998,0.95000000000000007
2017 Q3,19660.766,100.12266666666666,1.1533333333333333
2017 Q4,19882.351999999999,100.568,1.2033333333333334
2018 Q1,20044.077000000001,101.208,1.4466666666666665
2018 Q2,20150.475999999999,101.75133333333333,1.7366666666666666
2018 Q3,20276.153999999999,102.07566666666666,1.9233333333333333
2018 Q4,20304.874,102.55233333333334,2.2200000000000002
2019 Q1,20431.641,102.96366666666667,2.4033333333333333
2019 Q2,20602.275000000001,103.39866666666667,2.3966666666666665
2019 Q3,20843.322,103.78266666666667,2.1899999999999999
2019 Q4,20985.448,104.14733333333334,1.6433333333333333
2020 Q1,20709.212,104.61666666666667,1.26
2020 Q2,19077.991999999998,104.42,0.060000000000000005
2020 Q3,20558.879000000001,105.19666666666666,0.093333333333333338
2020 Q4,20791.917000000001,105.66933333333334,0.089999999999999997
2021 Q1,21082.133999999998,106.57166666666667,0.080000000000000002
2021 Q2,21440.929,108.08666666666667,0.070000000000000007
2021 Q3,21617.828000000001,109.36933333333334,0.089999999999999997
2021 Q4,21988.737000000001,110.792,0.080000000000000002
2022 Q1,21932.709999999999,112.45266666666667,0.12000000000000001
2022 Q2,21967.044999999998,113.79533333333333,0.77000000000000002
2022 Q3,22125.625,115.23066666666666,2.1899999999999999
2022 Q4,22278.345000000001,116.565,3.6533333333333333
2023 Q1,22439.607,117.91633333333333,4.5166666666666666
2023 Q2,22580.499,119.069,4.9900000000000002
2023 Q3,22840.989000000001,119.76766666666667,5.2599999999999998
2023 Q4,23033.779999999999,120.40233333333333,5.3300000000000001
2024 Q1,23082.118999999999,121.58766666666666,5.3300000000000001
2024 Q2,23286.508000000002,122.45466666666667,5.3300000000000001
2024 Q3,23478.57,123.16833333333334,5.2633333333333336
2024 Q4,23586.542000000001,123.99666666666667,4.6500000000000004
2025 Q1,23548.209999999999,124.99966666666667,4.3300000000000001
2025 Q2,23770.975999999999,125.80433333333333,4.3300000000000001
2025 Q3,24026.833999999999,126.69933333333333,4.293333333333333
2025 Q4,24055.749,127.53266666666666,3.8966666666666665
2026 Q1,24180.419000000002,128.91966666666667,3.6400000000000001
2026 Q2,24269.613000000001,130.05533333333332,3.6333333333333333
2026 Q3,NA,130.65799999999999,3.6299999999999999
